"id","first_name","last_name","national_code","payslip_code"
"1","ترانه","بابایی نژاد","4999688864","8355391469"
"2","فاطمه","ادیبی","7951832556","3880657877"
"3","مریم","عقیلی","7524760713","4848006922"
"4","امیرپاشا","ادیبی","8549933965","9095369632"
"5","نیلوفر","ادیبی","5704856823","988051641"
"6","امید","اربابی","9179574256","4954757490"
"7","امیرپاشا","ستوده","5840072463","1388516108"
"8","بردیا","ملایری","8395637690","173025614"
"9","لیلی","تهرانی","7875453034","5790398067"
"10","سروین","فولادی","7391065118","6402220094"
"11","تارا","تبریزی","4834221331","8132414500"
"12","هیربد","ستوده","9868299626","1997737356"
"13","بردیا","مهرانفر","1731567336","3389390661"
"14","دریا","نعیمی","7735356669","7232366803"
"15","کوروش","علوی","2509399831","2963924768"
"16","زویا","آریایی","8247462414","1451072956"
"17","امیرپاشا","مرعشی","5038061892","6035213401"
"18","دانیال","میرعباسی","5781582742","6499489287"
"19","بردیا","موتمن","3682427717","7655880071"
"20","پارمیدا","ادیبی","3489497694","2646773161"
"21","تارا","هروی","3640495383","4304423134"
"22","سحر","اربابی","3785924956","6381965113"
"23","سارا","فرزانه پور","2992436963","4496058011"
"24","آرش","کرمانی","1465905470","4269815497"
"25","فرهاد","کرمانی","8125623099","5811277035"
"26","آریانا","مرعشی","1079289216","8381727120"
"27","یاسمن","نعمتی","3634412723","669947676"
"28","امیرپاشا","خالو","6738803305","4495990789"
"29","باربد","مهرانفر","1327075360","8374682824"
"30","رامین","بابایی نژاد","8193529972","7778272493"
"31","مریم","علوی","9343742200","8473728516"
"32","کتایون","فرزان","9332854379","3772163818"
"33","سورنا","فرزان","1569919552","4637754875"
"34","بردیا","رضوی","3246053649","2707018798"
"35","رامین","طیبی","7161551925","9550191650"
"36","ترانه","نعمتی","2904356071","5834432532"
"37","پارسا","میر","8375698962","3366217655"
"38","کتایون","مرعشی","7709929541","6644379817"
"39","سروین","نعمتی","2152112564","4670059846"
"40","تارا","هروی","7860598356","5172054651"
"41","کتایون","طیبی","4855286613","4216247772"
"42","فرهاد","خالو","6834436601","4295162283"
"43","امیر","مرعشی","1333487964","893199649"
"44","علی","اربابی","5152185781","7685860054"
"45","لاله","فولادی","6467492472","8129181979"
"46","زویا","ملایری","9314019308","8567560975"
"47","سورنا","کرابی","2758309900","1521396433"
"48","سمانه","اربابی","3384559370","3818526330"
"49","زویا","فولادی","5993336427","2957763754"
"50","شهریار","نعیمی","1356983687","2503874488"
"51","بیتا","فولادی","8670048108","6200092549"
"52","رامین","ستوده","2944555879","2166074779"
"53","کامران","تهرانی","5798694068","7659144005"
"54","دانیال","فدایی","2665597507","3031881880"
"55","یاسمن","اربابی","7020261541","7608504137"
"56","دیبا","فولادی","4201619993","2531662091"
"57","امیر","هروی","9548646786","1436181773"
"58","سمانه","هروی","7754688236","3277099255"
"59","بردیا","ستوده","9796240220","2292532033"
"60","باران","فرزانه پور","9033203199","617355818"
"61","لیلی","فرزانه پور","4965409569","249597544"
"62","آرمین","فرزان","1437792392","4153783442"
"63","لاله","هروی","4970216382","472006681"
"64","آریانا","ستوده","7398025128","9993451758"
"65","باربد","هروی","5487861191","9236454725"
"66","آریانا","اربابی","8189428919","9667391530"
"67","فاطمه","مهرانفر","7875041847","4365812057"
"68","محمدجواد","خالو","6440510372","9147544964"
"69","نیلوفر","کرابی","9118236809","7508753831"
"70","آریانا","فرزان","8049854312","5572254941"
"71","آرمین","فولادی","2349198484","5819671872"
"72","سمانه","تهرانی","9957928939","4231647577"
"73","سارا","علوی","2434247861","5439224993"
"74","پدرام","فدایی","7148879715","68849758"
"75","محمدجواد","مهرانفر","8229224210","556511006"
"76","سروین","طالبی","4130545563","6430189438"
"77","دیبا","فرزان","3213386682","8032001773"
"78","امیرپاشا","آریایی","2729904711","3191662564"
"79","شهرام","نعیمی","1154182969","6527690716"
"80","آرمین","بابایی نژاد","1515726336","832457048"
"81","رامین","فرزانه پور","4006896436","5486206070"
"82","سارا","علوی","5182012987","539929507"
"83","مریم","کاووسی","8300593598","4283714055"
"84","پدرام","کاووسی","8605559212","9377488103"
"85","نیلوفر","بابایی نژاد","5696025692","4288531653"
"86","دیبا","فرزانه پور","3094386606","236117869"
"87","نیلوفر","تبریزی","9611564788","8248386998"
"88","امیر","علوی","5597524742","2400289940"
"89","رامین","فولادی","4610999051","2352339613"
"90","بیتا","آریایی","5409475317","6507519003"
"91","رامین","کامرانی","3214052256","9464805992"
"92","لاله","خالو","8864172795","9504705018"
"93","تارا","فدایی","4430084347","6416277055"
"94","شهرام","کرابی","1946041928","3689146055"
"95","پارسا","فدایی","5341415650","7184627208"
"96","فاطمه","اربابی","2853312907","3226624428"
"97","حمیدرضا","بابایی نژاد","7152067905","679055388"
"98","پارسا","فدایی","3131664694","2845241244"
"99","سارا","فولادی","1782414306","9967849464"
"100","لاله","میرعباسی","6706488850","9839299145"
"101","بردیا","رضوی","7940237054","6062413306"
"102","سورنا","نعمتی","9620707518","7244675085"
"103","امیرپاشا","مرعشی","5661489475","7059168543"
"104","هادی","ملایری","5692567489","2266466549"
"105","تارا","فدایی","9474928878","5309967433"
"106","پدرام","کامرانی","2722013160","1861547423"
"107","امید","نعمتی","4330334443","701681817"
"108","امید","صبا","8798959489","3610583142"
"109","کامران","موتمن","2888342880","8442103049"
"110","کیمیا","علوی","1784643208","3749260515"
